{"cameraMode":{"drawMode":0,"name":"Shaded","section":"Shading Mode"},"sceneLighting":false,"audioPlay":false,"sceneViewState":{"m_AlwaysRefresh":false,"showFog":true,"showSkybox":false,"showFlares":true,"showImageEffects":true,"showParticleSystems":true,"showVisualEffectGraphs":true,"m_FxEnabled":true},"in2DMode":false,"pivot":{"x":33.06999969482422,"y":5.303999900817871,"z":-24.850000381469728},"rotation":{"x":-0.021145975217223169,"y":-0.8087493777275086,"z":0.029126036912202836,"w":-0.5870583057403565},"size":0.8660284280776978,"orthographic":false}