{"cameraMode":{"drawMode":0,"name":"Shaded","section":"Shading Mode"},"sceneLighting":true,"audioPlay":false,"sceneViewState":{"m_AlwaysRefresh":false,"showFog":true,"showSkybox":true,"showFlares":true,"showImageEffects":true,"showParticleSystems":true,"showVisualEffectGraphs":true,"m_FxEnabled":true},"in2DMode":false,"pivot":{"x":36.28712844848633,"y":8.354745864868164,"z":-19.068105697631837},"rotation":{"x":0.007960500195622445,"y":-0.9757809042930603,"z":0.21564342081546784,"w":0.03602159395813942},"size":0.42763301730155947,"orthographic":false}