{"cameraMode":{"drawMode":0,"name":"Shaded","section":"Shading Mode"},"sceneLighting":false,"audioPlay":false,"sceneViewState":{"m_AlwaysRefresh":false,"showFog":true,"showSkybox":false,"showFlares":true,"showImageEffects":true,"showParticleSystems":true,"showVisualEffectGraphs":true,"m_FxEnabled":true},"in2DMode":false,"pivot":{"x":6.367277145385742,"y":0.9820153713226318,"z":-17.775711059570314},"rotation":{"x":-0.00014854595065116882,"y":-0.9998230338096619,"z":-0.008998851291835308,"w":0.01711082272231579},"size":4.108675003051758,"orthographic":false}